9,Barkdoll Ln
50,Bishop Ln
52,"Bishop Ln"
54,"Bishop Ln"
56,"Bishop Ln"
58,"Bishop Ln"
60,"Bishop Ln"
108,Boswell Blvd
106,Boswell Blvd
51,Bowling Ln
52,Bowling Ln
14,Brenner Ln
14,Chips Ct
16,Chips Ct
18,Chips Ct
20,Chips Ct
22,Chips Ct
24,Chips Ct
26,Chips Ct
28,Chips Ct
23,Chips Ct
21,Chips Ct
19,Chips Ct
17,Chips Ct
15,Chips Ct
13,Chips Ct
11,Chips Ct
7,Douglas Ct E
5,Douglas Ct E
3,Douglas Ct E
1,Douglas Ct E
18,Douglas Ct E
11,Douglas Ct E
9,Douglas Ct E
2,Douglas Ct W
6,Douglas Ct W
8,Douglas Ct W
10,Douglas Ct W
14,Douglas Ct W
16,Douglas Ct W
15,Douglas Ct W
13,Douglas Ct W
9,Douglas Ct W
7,Douglas Ct W
5,Douglas Ct W
6,E School Ln
8,E School Ln
2,E Water St
6,E Water St
10,E Water St
44,E Water St
46,E Water St
48,E Water St
50,E Water St
52,E Water St
54,E Water St
41,E Water St
39,E Water St
35,E Water St
33,E Water St
25,E Water St
23,E Water St
19,E Water St
17,E Water St
15,E Water St
13,E Water St
9,E Water St
11,E Water St
7,E Water St
5,E Water St
1,E Water St
6,Maple Ave
4,Maple Ave
5,Maple Ave
13,Maple Ave
15,Maple Ave
17,Maple Ave
19,Maple Ave
23,Maple Ave
16,Maple Ave
18,Maple Ave
20,Maple Ave
22,Maple Ave
24,Maple Ave
26,Maple Ave
28,Maple Ave
25,Maple Ave
27,Maple Ave
29,Maple Ave
31,Maple Ave
35,Maple Ave
37,Maple Ave
39,Maple Ave
16,Maplegrove Ct
17,Maplegrove Ct
18,Maplegrove Ct
19,Maplegrove Ct
20,Maplegrove Ct
11,Maplegrove Ct
12,Maplegrove Ct
13,Maplegrove Ct
14,Maplegrove Ct
15,Maplegrove Ct
6,Maplegrove Ct
7,Maplegrove Ct
8,Maplegrove Ct
9,Maplegrove Ct
10,Maplegrove Ct
1,Maplegrove Ct
2,Maplegrove Ct
3,Maplegrove Ct
4,Maplegrove Ct
5,Maplegrove Ct
43,N Main St
37,N Main St
33,N Main St
39,N Main St
29,N Main St
27,N Main St
25,N Main St
36,N Main St
34,N Main St
30,N Main St
28,N Main St
26,N Main St
4,N Main St
12,N Main St
2,Pennsylvania Ave
9,Pennsylvania Ave
3,Pennsylvania Ave
1,Pennsylvania Ave
63,Railroad Ln
39,S C and P Ln
2,S Main St
4,S Main St
6,S Main St
8,S Main St
10,S Main St
12,S Main St
14,S Main St
16,S Main St
18,S Main St
20,S Main St
22,S Main St
24,S Main St
26,S Main St
28,S Main St
30,S Main St
32,S Main St
34,S Main St
36,S Main St
38,S Main St
40,S Main St
42,S Main St
46,S Main St
50,S Main St
54,S Main St
56,S Main St
58,S Main St
64,S Main St
62,S Main St
60,S Main St
66,S Main St
68,S Main St
70,S Main St
72,S Main St
74,S Main St
76,S Main St
1,S Main St
5,S Main St
7,S Main St
33,S Main St
11,Schaller Ln
9,Schaller Ln
7,Schaller Ln
5,Schaller Ln
111,United Ct
109,United Ct
107,United Ct
103,United Ct
105,United Ct
102,Veteran Ct
100,Veteran Ct
48,W Henrietta St
54,W Henrietta St
53,W Henrietta St
51,W Henrietta St
25,W Water St
23,W Water St
15,W Water St
13,W Water St
11,W Water St
7,W Water St
B2 ,Washington Ct
c2 ,Washington Ct
e1 ,Washington Ct
e3 ,Washington Ct
f4 ,Washington Ct
c1 ,Washington Ct
42,N Main St
50,N Main St
52,N Main St
54,N Main St
56,N Main St
58,N Main St
52a,N Main St
59,N Main St
55,N Main St
100,Kevin's Ct
101,Daniel's Ct
100,Daniel's Ct
102,Kevin's Ct
104,Kevin's Ct
103,Daniel's Ct
105,Daniel's Ct
107,Daniel's Ct
109,Daniel's Ct
111,Daniel's Ct
49,Geiser Way
114,Kevin's Ct
112,Kevin's Ct
110,Kevin's Ct
108,Kevin's Ct
106,Kevin's Ct
101,Kevin's Ct
103,Kevin's Ct
105,Kevin's Ct
107,Kevin's Ct
109,Kevin's Ct
111,Kevin's Ct
113,Kevin's Ct
115,Kevin's Ct
117,Kevin's Ct
114,Patrick's Ct
112,Patrick's Ct
110,Patrick's Ct
108,Patrick's Ct
106,Patrick's Ct
104,Patrick's Ct
102,Patrick's Ct
100,Patrick's Ct
101,Patrick's Ct
103,Patrick's Ct
105,Patrick's Ct
107,Patrick's Ct
109,Patrick's Ct
111,Patrick's Ct
113,Patrick's Ct
115,Patrick's Ct
122,Rachel's Ct
120,Rachel's Ct
118,Rachel's Ct
116,Rachel's Ct
114,Rachel's Ct
112,Rachel's Ct
110,Rachel's Ct
108,Rachel's Ct
106,Rachel's Ct
104,Rachel's Ct
102,Rachel's Ct
100,Rachel's Ct
101,Rachel's Ct
103,Rachel's Ct
105,Rachel's Ct
107,Rachel's Ct
109,Rachel's Ct
111,Rachel's Ct
113,Rachel's Ct
115,Rachel's Ct
117,Rachel's Ct
106,Amber's Way
104,Amber's Way
102,Amber's Way
100,Amber's Way
101,Amber's Way
105,Amber's Way
103,Amber's Way
107,Amber's Way
102,"Christopher's Ct"
104,"Christopher's Ct"
106,"Christopher's Ct
"
100,"Christopher's Ct"
101,"Christopher's Ct"
103,"Christopher's Ct"
105,"Christopher's Ct"
107,"Christopher's Ct"
104,Sherri's Way
106,Sherri's Way
108,Sherri's Way
110,Sherri's Way
112,Sherri's Way
114,Sherri's Way
116,Sherri's Way
125,Sherri's Way
123,Sherri's Way
121,Sherri's Way
119,Sherri's Way
117,Sherri's Way
115,Sherri's Way
113,Sherri's Way
111,Sherri's Way
109,Sherri's Way
107,Sherri's Way
105,Sherri's Way
103,Sherri's Way
101,Sherri's Way
100,Sherri's Way
102,Sherri's Way
110,Daniel's Ct
108,Daniel's Ct
106,Daniel's Ct
104,Daniel's Ct
102,Daniel's Ct
111,Vody's Ct
109,Vody's Ct
107,Vody's Ct
105,Vody's Ct
103,Vody's Ct
101,Vody's Ct
100,Vody's Ct
102,Vody's Ct
104,Vody's Ct
106,Vody's Ct
108,Vody's Ct
66,N Main St
2,Grove Creek Cir
4,Grove Creek Cir
6,Grove Creek Cir
8,Grove Creek Cir
10,Grove Creek Cir
12,Grove Creek Cir
14,Grove Creek Cir
16,Grove Creek Cir
18,Grove Creek Cir
20,Grove Creek Cir
22,Grove Creek Cir
1A ,Grove Creek Cir
1,Grove Creek Cir
3,Grove Creek Cir
5,Grove Creek Cir
7,Grove Creek Cir
9,Grove Creek Cir
11,Grove Creek Cir
13,Grove Creek Cir
15,Grove Creek Cir
17,Grove Creek Cir
123,Jason's Ridge
121,Jason's Ridge
119,Jason's Ridge
117,Jason's Ridge